b1,b2,b3,b4,b5
.000758252106607,.0337626286411811,.0202157171707212,-.0217087400145829,.0700858077034354
.1256194376619533,.0958501629267869,.0183038845225798,.0455336349084973,.1286227278411388
.2504806232172996,.1579376972123927,.0168994349692014,.1127760110422969,.1881099678575993
.3753418087726459,.2200252314979985,.0161354059633901,.1780632626265287,.2517451196908951
.5002029943279922,.2821127657836042,.0161032136204364,.2432623386383057,.3160012915730477
.6250641798833385,.34420030006921,.0168070622441512,.3084231711924076,.3810184724628926
.7499253654386848,.4062878343548158,.0181615778125815,.3679034546017647,.4468097805976868
.8747865509940311,.4683753686404216,.0200352267280302,.4269456952810288,.5139648973941803
.9996477365493774,.5304629029260274,.0222975180409255,.4858912982046604,.5811486035585404
